Workbook

Sheet CONTROL GASOIL INTERNO
C1: CONTROL DE GASOIL MANUAL | I1: CAM-FR-AD-002
I2: Fecha: 07/2026
I3: Revisión: 0
I4: Pagina: 1 de 5
A8: FECHA | B8: Operación | C8: Nombre de la persona que Reporta | D8: EMPRESA | E8: OBSERVACIONES | F8: VEHICULO | G8: OBRA | H8: CANTIDAD DE LITROS | I8: SOPORTE
A9: 46266 | B9: EGRESO | C9: JESUS ROMERO | D9: MOPARCA | E9: OBRAS | F9: APOYO | G9: PATIO | H9: 200 | I9: 11090334
A10: 46266 | B10: EGRESO | C10: JESUS ROMERO | D10: CARGO 815 TRANSPORTE | E10: OBRAS | F10: PROPIO | G10: PATIO | H10: 122 | I10: 11090461
A11: 46266 | B11: EGRESO | C11: JESUS ROMERO | D11: VISION | E11: OBRAS | F11: PROPIO | G11: PATIO | H11: 400 | I11: 11093624
A12: 46266 | B12: EGRESO | C12: JESUS ROMERO | D12: CARGO 1721 | E12: OBRAS | F12: PROPIO | G12: PATIO | H12: 132 | I12: 11093756
A13: 46268 | B13: EGRESO | C13: JESUS ROMERO | D13: SUPER DUTY BLANCO | E13: OBRAS | F13: PROPIO | G13: PATIO | H13: 109 | I13: 11093865
A14: 46268 | B14: EGRESO | C14: JESUS ROMERO | D14: CISTERNA | E14: OBRAS | F14: PROPIO | G14: PATIO | H14: 252 | I14: 11094117
A15: 46268 | B15: EGRESO | C15: JESUS ROMERO | D15: CARGO 815 PLATAFORMA | E15: OBRAS | F15: PROPIO | G15: PATIO | H15: 117 | I15: 11094235
A16: 46268 | B16: EGRESO | C16: JESUS ROMERO | D16: APOYO LUIS CHACON | E16: OBRAS | F16: PROPIO | G16: PATIO | H16: 41 | I16: 11094276
A17: 46266 | B17: EGRESO | C17: JESUS ROMERO | D17: RETRO 420D | E17: OBRAS | F17: PROPIO | G17: PATIO | H17: 63 | I17: 11094339
A18: 46272 | B18: EGRESO | C18: JESUS ROMERO | D18: CARGO 815 PLATAFORMA | E18: OBRAS | F18: PROPIO | G18: PATIO | H18: 30 | I18: 11096407
A19: 46272 | B19: EGRESO | C19: JESUS ROMERO | D19: CAMION DE SERVICIO | E19: OBRAS | F19: PROPIO | G19: PATIO | H19: 145 | I19: 11096702
A20: 46272 | B20: EGRESO | C20: JESUS ROMERO | D20: CAMION DE SERVICIO | E20: OBRAS | F20: PROPIO | G20: PATIO | H20: 662 | I20: 11097364
... A34: 46281 | B34: EGRESO | C34: JESUS ROMERO | D34: APOYO GUARDIA NACIONAL | E34: G,N | F34: PROPIO | G34: PRIVADO | H34: 100 | I34: 11109360
A35: 46290 | B35: EGRESO | C35: JESUS ROMERO | D35: CONSUMO INTERNO | E35: OBRAS | F35: PROPIO | G35: PATIO | H35: 40 | I35: S/S
A36: 46294 | B36: EGRESO | C36: JESUS ROMERO | D36: CARGADOR 928G | E36: OBRAS | F36: PROPIO | G36: PATIO | H36: 80 | I36: 11109755
A37: 46294 | B37: EGRESO | C37: JESUS ROMERO | D37: CISTERNA | E37: OBRAS | F37: PROPIO | G37: PATIO | H37: 120 | I37: 11109875
A38: 46294 | B38: EGRESO | C38: JESUS ROMERO | D38: SUPER DUTY BLANCO | E38: OBRAS | F38: PROPIO | G38: PATIO | H38: 52 | I38: 11109927
A39: 46294 | B39: EGRESO | C39: JESUS ROMERO | D39: PITERBILL | E39: OBRAS | F39: PROPIO | G39: PATIO | H39: 622 | I39: 11110785
A40: 46295 | B40: EGRESO | C40: JESUS ROMERO | D40: CARGO 815 BACHEO ROJO | E40: OBRAS | F40: PROPIO | G40: PATIO | H40: 50 | I40: 11112287
A41: 46295 | B41: EGRESO | C41: JESUS ROMERO | D41: RETRO 420D | E41: OBRAS | F41: PROPIO | G41: PATIO | H41: 37 | I41: 11112324
A42: 46295 | B42: EGRESO | C42: JESUS ROMERO | D42: MITSUBISHI VOLTEO | E42: OBRAS | F42: PROPIO | G42: PATIO | H42: 221 | I42: 11112544
A43: 46295 | B43: EGRESO | C43: JESUS ROMERO | D43: SUPER DUTY BLANCO | E43: OBRAS | F43: PROPIO | G43: PATIO | H43: 52 | I43: 11109927
A44: 46295 | B44: EGRESO | C44: JESUS ROMERO | D44: TRANSPORTE CHEITO | E44: OBRAS | F44: PROPIO | G44: PATIO | H44: 200 | I44: 11112237
A45: 46295 | B45: EGRESO | C45: JESUS ROMERO | D45: CARGADOR 928G | E45: OBRAS | F45: PROPIO | G45: PATIO | H45: 76 | I45: 11112620
A46: CIERRE DEL 01/09 AL 30/09
F49: USO INTERNO | H49: =SUM(H9:H45) -> 5,560

Sheet GASOIL DESPACHO DE PLANTA
C1: CONTROL DE GASOIL MANUAL | H1: CAM-FR-AD-002
H2: Fecha: 07/2026
H3: Revisión: 0
H4: Pagina: 2 de 5
A7: FECHA | B7: Operación | C7: Nombre de la persona que Reporta | D7: TONELADAS | E7: T/L | F7: OBRA | G7: CANTIDAD DE LITROS | H7: SIMPLIFICADO
A8: 46275 | B8: EGRESO | C8: JESUS ROMERO | D8: 373.58 | E8: 1.5 | F8: ASFALTADO INTERNO CAMELOT | G8: =(D8*E8) -> 560.37 | H8: =G8 -> 560
A9: 46276 | B9: EGRESO | C9: JESUS ROMERO | D9: 283.805 | E9: 1.5 | F9: ASFALTADO INTERNO CAMELOT | G9: =(D9*E9) -> 425.71 | H9: =G9 -> 426
A10: 46286 | B10: EGRESO | C10: JESUS ROMERO | D10: 298.955 | E10: 1.5 | F10: ASFALTADO INTERNO CAMELOT | G10: =(D10*E10) -> 448.43 | H10: =G10 -> 448
A11: 46287 | B11: EGRESO | C11: JESUS ROMERO | D11: 328.885 | E11: 1.5 | F11: ASFALTADO INTERNO CAMELOT | G11: =(D11*E11) -> 493.33 | H11: =G11 -> 493
A12: 46288 | B12: EGRESO | C12: JESUS ROMERO | D12: 15.95 | E12: 1.5 | F12: ASFALTADO INTERNO CAMELOT | G12: =(D12*E12) -> 23.93 | H12: =G12 -> 24
A13: 46289 | B13: EGRESO | C13: JESUS ROMERO | D13: 373.935 | E13: 1.5 | F13: ASFALTADO INTERNO CAMELOT | G13: =(D13*E13) -> 560.90 | H13: =G13 -> 561
A14: 46290 | B14: EGRESO | C14: JESUS ROMERO | D14: 239.185 | E14: 0 | F14: ASFALTADO INTERNO CAMELOT | G14: =(D14*E14) -> 0.00 | H14: =G14 -> 0
A15: 46293 | B15: EGRESO | C15: JESUS ROMERO | D15: 424.3 | E15: 0 | F15: ASFALTADO INTERNO CAMELOT | G15: =(D15*E15) -> 0.00 | H15: 0
A16: 46294 | B16: EGRESO | C16: JESUS ROMERO | D16: 448.79 | E16: 0 | F16: ASFALTADO INTERNO CAMELOT | G16: =(D16*E16) -> 0.00 | H16: 0
A17: 46295 | B17: EGRESO | C17: JESUS ROMERO | D17: 329.05 | E17: 0 | F17: ASFALTADO INTERNO CAMELOT | G17: =(D17*E17) -> 0.00 | H17: 0
A18: ='CONTROL GASOIL INTERNO'!A46 -> CIERRE DEL 01/09 AL 30/09
F22: DESPACHO | G22: =SUM(H8:H18) -> 2,513

Sheet CONTROL GASOIL VOLTEO SINDICATO
C1: CONTROL DE GASOIL MANUAL | K1: CAM-FR-AD-002
K2: Fecha: 07/2026
K3: Revisión: 0
K4: Pagina: 3 de 5
A7: Fecha | B7: Operación | C7: Nombre de la persona que Reporta | D7: CHOFER | E7: C.I | F7: SINDICATO | G7: N° Factura | H7: PLACAS | I7: OBRA | J7: CANTIDAD DE LITROS | K7: SOPORTE
A8: 46294 | B8: EGRESO | C8: JESUS ROMERO | D8: DOUGLAS PARRA | E8: 7604797 | F8: SINTRACACIVOLPE | H8: A82CC4M | I8: S/O | J8: 236 | K8: 1922
A9: 46294 | B9: EGRESO | C9: JESUS ROMERO | D9: HERRY AVILA | E9: 25950473 | F9: SINTRACACIVOLPE | H9: 65EDAO | I9: S/O | J9: 365 | K9: 1923
A10: 46294 | B10: EGRESO | C10: JESUS ROMERO | D10: NELSON ZAMBRANO | E10: 15888729 | F10: SINTRACACIVOLPE | H10: A41AL6G | I10: S/O | J10: 235 | K10: 1924
A11: 46294 | B11: EGRESO | C11: JESUS ROMERO | D11: VICTOR BOSCAN | E11: 30299516 | F11: SINTRAMACON | H11: A78BW5V | I11: S/O | J11: 315 | K11: 1925
A12: 46294 | B12: EGRESO | C12: JESUS ROMERO | D12: ENGERBERTH GALLARDO | E12: 17682381 | F12: SINTRACACIVOLPE | H12: A84BK5F | I12: S/O | J12: 337 | K12: 1926
A13: ='CONTROL GASOIL INTERNO'!A46 -> CIERRE DEL 01/09 AL 30/09
I19: SINDICATO | J19: =SUM(J8:J12) -> 1,488

Sheet CONTROL GASOIL  ZU-CONCRETO
C1: CONTROL DE GASOIL MANUAL | G1: CAM-FR-AD-002
G2: Fecha: 07/2026
G3: Revisión: 0
G4: Pagina: 4 de 5
A7: Fecha | B7: Operación | C7: Nombre de la persona que Reporta | D7: Placa | E7: CANTIDAD DE LITROS | F7: SOPORTE | G7: N° TALONARIO
A8: 46266 | B8: EGRESO | C8: JESUS ROMERO | D8: 01KWAB | E8: 630 | F8: 11091092 | G8: 1987
A9: 46266 | B9: EGRESO | C9: JESUS ROMERO | D9: A21BC8V | E9: 801 | F9: 11091902 | G9: 1988
A10: 46266 | B10: EGRESO | C10: JESUS ROMERO | D10: A23BJ2V | E10: 672 | F10: 11092574 | G10: 1989
A11: 46266 | B11: EGRESO | C11: JESUS ROMERO | D11: A14AJ3C | E11: 649 | F11: 11093224 | G11: 1990
A12: 46269 | B12: EGRESO | C12: JESUS ROMERO | D12: 01KWAB | E12: 453 | F12: 11094792 | G12: 1991
A13: 46269 | B13: EGRESO | C13: JESUS ROMERO | D13: A23BJ2V | E13: 532 | F13: 11095323 | G13: 1992
A14: 46269 | B14: EGRESO | C14: JESUS ROMERO | D14: A14AJ3C | E14: 518 | F14: 11095841 | G14: 1993
A15: 46269 | B15: EGRESO | C15: JESUS ROMERO | D15: A21BC8V | E15: 535 | F15: 11096376 | G15: 1994
A16: 46273 | B16: EGRESO | C16: JESUS ROMERO | D16: 01KWAB | E16: 637 | F16: 11098094 | G16: 1995
A17: 46273 | B17: EGRESO | C17: JESUS ROMERO | D17: A21BC8V | E17: 770 | F17: 11099534 | G17: 1996
A18: 46273 | B18: EGRESO | C18: JESUS ROMERO | D18: A26AZ2P | E18: 670 | F18: 11098764 | G18: 1997
A19: 46273 | B19: EGRESO | C19: JESUS ROMERO | D19: A14AJ3C | E19: 574 | F19: 11100108 | G19: 1998
... A32: 46276 | B32: EGRESO | C32: JESUS ROMERO | D32: 01KWAB | E32: 545 | F32: 11107925 | G32: 2011
A33: ='CONTROL GASOIL INTERNO'!A46 -> CIERRE DEL 01/09 AL 30/09
D38: ZUCONCRETO | E38: =SUM(E8:E32) -> 14,385

Sheet CONTROL INGRESO GASOIL
C1: CONTROL DE GASOIL MANUAL | K1: CAM-FR-AD-002
K2: Fecha: 07/2026
K3: Revisión: 0
K4: Pagina: 5 de 5
A7: Fecha | B7: Operación | C7: Nombre de la persona que Reporta | D7: Proveedor | E7: N° Control | F7: N° Factura | G7: EMPRESA | H7: OBSERVACIONES | I7: OBRA | J7: N° de Litros | K7: Recibo
A8: 46288 | B8: INGRESO | C8: JESUS ROMERO | D8: CAMION DE SERVICIO | G8: PROPIA | J8: 500 | K8: JESUS ROMERO
A9: 46293 | B9: INGRESO | C9: JESUS ROMERO | D9: CAMION DE SERVICIO | G9: PROPIA | J9: 1500 | K9: JESUS ROMERO
A10: 46263 | B10: INGRESO | C10: JESUS ROMERO | D10: PDVSA | E10: S/N | F10: S/F | G10: PROPIA | H10: BALCOSA | I10: 15432 | J10: 15432 | K10: JESUS ROMERO
A11: ='CONTROL GASOIL INTERNO'!A46 -> CIERRE DEL 01/09 AL 30/09
F14: INGRESO | G14: =SUM(J8:J10) -> 17,432
H17: ULTIMO CIERRE | J17: 21341
H18: ENTRADA | I18: EXISTENTE 2025 | J18: =G14 -> 17,432
H19: TOTAL | J19: =J18+J17 -> 38,773
H20: CONSUMO | J20: =SUM('CONTROL GASOIL ZU-CONCRETO'!E38+'CONTROL GASOIL VOLTEO SINDICATO'!J19+'GASOIL DESPACHO DE PLANTA'!G22+'CONTROL GASOIL INTERNO'!H49) -> 23,946
H21: TOTAL | I21: INGRESO 2026 | J21: =J19-J20 -> 14,827
I24: TOTAL EXISTENTE
I33: 24470-27851
